Date,Open,High,Low,Close
6/9/2023,"1,853.42","1,854.61","1,828.33","1,835.97"
6/8/2023,"1,841.54","1,861.27","1,821.42","1,853.42"
6/7/2023,"1,876.99","1,894.95","1,833.42","1,841.52"
6/6/2023,"1,804.97","1,896.00","1,796.90","1,876.99"
6/5/2023,"1,903.70","1,911.87","1,783.90","1,804.84"
6/4/2023,"1,888.01","1,910.92","1,884.92","1,904.47"
6/3/2023,"1,905.30","1,909.90","1,885.21","1,888.02"
6/2/2023,"1,869.22","1,910.28","1,851.85","1,905.58"
6/1/2023,"1,865.89","1,888.20","1,842.92","1,869.00"
5/31/2023,"1,904.12","1,913.71","1,848.89","1,865.88"
5/30/2023,"1,892.86","1,916.32","1,883.13","1,904.12"
5/29/2023,"1,854.70","1,926.74","1,854.69","1,893.48"
5/28/2023,"1,828.04","1,860.12","1,825.21","1,854.69"
5/27/2023,"1,835.35","1,836.33","1,818.00","1,827.72"
5/26/2023,"1,810.00","1,838.20","1,797.75","1,835.42"
5/25/2023,"1,804.27","1,815.67","1,763.42","1,809.86"
5/24/2023,"1,854.85","1,856.40","1,778.31","1,804.97"
5/23/2023,"1,818.29","1,870.02","1,815.35","1,854.86"
5/22/2023,"1,806.09","1,826.47","1,791.93","1,818.16"
5/21/2023,"1,817.13","1,828.54","1,803.26","1,806.42"
5/20/2023,"1,812.42","1,829.00","1,807.64","1,817.13"
5/19/2023,"1,796.78","1,828.83","1,796.50","1,812.70"
5/18/2023,"1,826.20","1,831.73","1,773.78","1,796.79"
5/17/2023,"1,821.43","1,835.92","1,786.40","1,826.20"
5/16/2023,"1,826.27","1,831.00","1,796.99","1,821.41"
5/15/2023,"1,799.10","1,846.06","1,786.36","1,826.27"
5/14/2023,"1,804.25","1,823.86","1,790.98","1,799.10"
5/13/2023,"1,788.28","1,816.45","1,788.28","1,804.40"
5/12/2023,"1,796.09","1,800.45","1,741.08","1,788.28"
5/11/2023,"1,858.74","1,858.74","1,774.20","1,796.09"
5/10/2023,"1,848.64","1,888.97","1,792.57","1,858.80"
5/9/2023,"1,841.66","1,862.60","1,832.54","1,848.64"
5/8/2023,"1,913.16","1,923.66","1,813.10","1,840.91"
5/7/2023,"1,898.07","1,934.98","1,888.48","1,913.16"
5/6/2023,"1,990.71","2,018.49","1,868.65","1,898.07"
5/5/2023,"1,878.01","2,000.00","1,871.34","1,990.86"
5/4/2023,"1,874.03","1,917.00","1,868.26","1,878.06"
5/3/2023,"1,870.34","1,892.98","1,845.09","1,874.03"
5/2/2023,"1,808.25","1,880.85","1,808.25","1,870.08"
5/1/2023,"1,892.94","1,897.67","1,808.52","1,809.79"
4/30/2023,"1,904.53","1,938.70","1,881.39","1,892.35"
4/29/2023,"1,895.84","1,916.94","1,887.52","1,904.53"
4/28/2023,"1,919.62","1,925.00","1,875.22","1,895.84"
4/27/2023,"1,866.50","1,937.41","1,849.73","1,919.58"
4/26/2023,"1,863.29","1,963.93","1,790.00","1,865.73"
4/25/2023,"1,839.26","1,864.16","1,804.76","1,860.78"
4/24/2023,"1,848.21","1,888.24","1,810.19","1,837.70"
4/23/2023,"1,869.12","1,882.00","1,839.41","1,848.21"
4/22/2023,"1,834.35","1,887.36","1,834.35","1,868.86"
4/21/2023,"1,938.10","1,956.74","1,830.00","1,838.38"
4/20/2023,"1,980.49","1,981.65","1,917.36","1,938.10"
4/19/2023,"2,093.67","2,107.05","1,967.10","1,981.65"
4/18/2023,"2,078.22","2,123.06","2,056.85","2,092.83"
4/17/2023,"2,122.60","2,130.63","2,062.06","2,078.22"
4/16/2023,"2,088.63","2,137.82","2,076.00","2,122.92"
4/15/2023,"2,107.28","2,112.96","2,074.50","2,089.25"
4/14/2023,"2,007.63","2,130.00","2,006.22","2,107.57"
4/13/2023,"1,908.51","2,022.00","1,902.00","2,008.64"
4/12/2023,"1,894.61","1,930.00","1,860.06","1,908.85"
4/11/2023,"1,890.29","1,938.33","1,885.30","1,895.20"
4/10/2023,"1,856.92","1,904.61","1,848.00","1,885.87"
4/9/2023,"1,855.11","1,866.14","1,829.00","1,857.01"
4/8/2023,"1,853.74","1,879.00","1,849.00","1,855.68"
4/7/2023,"1,862.12","1,883.09","1,844.91","1,853.74"
4/6/2023,"1,905.27","1,913.03","1,856.24","1,865.02"
4/5/2023,"1,879.00","1,935.78","1,860.41","1,905.27"
4/4/2023,"1,775.60","1,889.91","1,770.73","1,879.00"
4/3/2023,"1,788.95","1,839.12","1,763.00","1,780.58"
4/2/2023,"1,817.06","1,826.21","1,775.00","1,789.24"
4/1/2023,"1,816.36","1,841.75","1,811.52","1,817.06"
3/31/2023,"1,795.23","1,846.00","1,782.04","1,817.14"
3/30/2023,"1,802.99","1,827.05","1,765.40","1,795.10"
3/29/2023,"1,774.52","1,823.99","1,764.08","1,803.13"
3/28/2023,"1,707.45","1,791.50","1,702.01","1,774.61"
3/27/2023,"1,761.52","1,782.91","1,690.18","1,707.60"
3/26/2023,"1,732.07","1,798.41","1,731.00","1,761.52"
3/25/2023,"1,749.71","1,762.94","1,717.86","1,732.01"
3/24/2023,"1,818.18","1,821.79","1,730.91","1,750.00"
3/23/2023,"1,736.34","1,858.43","1,718.33","1,817.20"
3/22/2023,"1,797.79","1,821.78","1,713.49","1,736.07"
3/21/2023,"1,760.27","1,837.00","1,725.25","1,798.20"
3/20/2023,"1,800.04","1,816.79","1,744.55","1,760.30"
3/19/2023,"1,795.64","1,844.23","1,755.57","1,799.55"
3/18/2023,"1,744.08","1,840.67","1,744.02","1,796.69"
3/17/2023,"1,659.37","1,766.08","1,659.37","1,743.94"
3/16/2023,"1,652.62","1,694.22","1,639.02","1,658.91"
3/15/2023,"1,705.04","1,721.07","1,617.88","1,652.89"
3/14/2023,"1,671.66","1,781.07","1,666.00","1,708.72"
3/13/2023,"1,558.49","1,699.97","1,544.57","1,672.75"
3/12/2023,"1,475.62","1,564.10","1,461.16","1,562.36"
3/11/2023,"1,426.65","1,485.75","1,415.01","1,475.61"
3/10/2023,"1,433.32","1,446.10","1,374.10","1,426.20"
3/9/2023,"1,552.64","1,553.28","1,411.00","1,432.87"
3/8/2023,"1,550.40","1,569.72","1,544.01","1,552.67"
3/7/2023,"1,566.50","1,582.59","1,536.90","1,550.40"
3/6/2023,"1,571.98","1,580.85","1,556.92","1,566.31"
3/5/2023,"1,556.44","1,587.22","1,553.85","1,571.74"
3/4/2023,"1,560.29","1,577.68","1,550.06","1,556.43"
3/3/2023,"1,641.01","1,655.06","1,548.00","1,558.69"
3/2/2023,"1,657.41","1,676.96","1,620.30","1,641.69"
3/1/2023,"1,600.98","1,667.95","1,597.91","1,656.70"
2/28/2023,"1,627.23","1,647.75","1,598.28","1,605.47"
2/27/2023,"1,642.62","1,664.22","1,611.00","1,627.28"
2/26/2023,"1,574.35","1,649.53","1,572.25","1,642.65"
2/25/2023,"1,602.99","1,610.94","1,559.63","1,574.00"
2/24/2023,"1,645.12","1,664.52","1,576.42","1,602.99"
2/23/2023,"1,619.32","1,678.00","1,618.29","1,646.58"
2/22/2023,"1,641.18","1,662.44","1,598.89","1,619.33"
2/21/2023,"1,700.70","1,716.03","1,637.65","1,641.12"
2/20/2023,"1,686.12","1,719.42","1,652.20","1,700.70"
2/19/2023,"1,688.00","1,722.92","1,671.67","1,686.12"
2/18/2023,"1,692.51","1,711.86","1,672.07","1,688.00"
2/17/2023,"1,683.10","1,719.99","1,630.69","1,695.34"
2/16/2023,"1,666.62","1,745.73","1,664.32","1,682.03"
2/15/2023,"1,556.24","1,674.41","1,544.00","1,665.44"
2/14/2023,"1,486.15","1,565.92","1,485.97","1,555.78"
2/13/2023,"1,509.54","1,525.14","1,464.38","1,486.15"
2/12/2023,"1,534.91","1,548.00","1,510.00","1,511.92"
2/11/2023,"1,506.89","1,537.00","1,505.15","1,535.60"
2/10/2023,"1,539.67","1,554.18","1,495.00","1,507.00"
2/9/2023,"1,652.80","1,655.53","1,525.80","1,541.00"
2/8/2023,"1,667.49","1,692.89","1,631.64","1,652.81"
2/7/2023,"1,638.01","1,677.30","1,606.41","1,667.49"
2/6/2023,"1,622.32","1,657.37","1,610.73","1,638.37"
2/5/2023,"1,678.81","1,688.05","1,612.58","1,622.40"
2/4/2023,"1,657.57","1,694.57","1,646.27","1,678.81"
2/3/2023,"1,632.88","1,674.81","1,629.85","1,657.36"
2/2/2023,"1,635.79","1,711.60","1,635.35","1,640.80"
2/1/2023,"1,576.98","1,646.30","1,559.43","1,635.79"
1/31/2023,"1,557.08","1,602.62","1,549.83","1,576.74"
1/30/2023,"1,643.16","1,653.75","1,538.77","1,557.18"
1/29/2023,"1,567.24","1,659.24","1,562.40","1,643.21"
1/28/2023,"1,598.72","1,606.82","1,560.32","1,567.24"
1/27/2023,"1,602.99","1,621.41","1,556.10","1,598.72"
1/26/2023,"1,624.20","1,639.60","1,580.40","1,602.99"
1/25/2023,"1,597.61","1,622.99","1,523.30","1,617.97"
1/24/2023,"1,631.82","1,640.04","1,591.94","1,599.45"
1/23/2023,"1,628.25","1,648.54","1,597.39","1,632.14"
1/22/2023,"1,662.26","1,662.69","1,605.00","1,628.25"
1/21/2023,"1,636.47","1,677.45","1,617.93","1,660.63"
1/20/2023,"1,545.03","1,646.30","1,543.06","1,637.84"
1/19/2023,"1,528.06","1,563.64","1,509.85","1,545.03"
1/18/2023,"1,581.50","1,606.74","1,503.85","1,528.20"
1/17/2023,"1,579.41","1,601.87","1,548.72","1,581.50"
1/16/2023,"1,552.54","1,598.60","1,522.33","1,579.41"
1/15/2023,"1,538.25","1,563.60","1,516.24","1,552.35"
1/14/2023,"1,455.64","1,592.46","1,442.96","1,538.04"
1/13/2023,"1,427.20","1,459.43","1,401.47","1,456.07"
1/12/2023,"1,343.12","1,434.94","1,341.06","1,427.58"
1/11/2023,"1,339.67","1,345.08","1,321.17","1,342.74"
1/10/2023,"1,318.37","1,344.28","1,315.39","1,339.75"
1/9/2023,"1,269.71","1,343.85","1,269.00","1,317.74"
1/8/2023,"1,264.20","1,275.72","1,258.12","1,269.72"
1/7/2023,"1,266.31","1,271.18","1,261.49","1,264.20"
1/6/2023,"1,251.44","1,275.10","1,237.18","1,266.32"
1/5/2023,"1,252.16","1,259.05","1,242.08","1,251.32"
1/4/2023,"1,210.95","1,270.50","1,209.61","1,252.16"
1/3/2023,"1,219.58","1,219.65","1,205.82","1,210.65"
1/2/2023,"1,202.11","1,221.34","1,192.89","1,221.34"
1/1/2023,"1,199.52","1,203.55","1,190.86","1,202.11"
12/31/2022,"1,197.51","1,206.99","1,192.00","1,199.52"
12/30/2022,"1,195.20","1,203.03","1,183.27","1,197.20"
12/29/2022,"1,186.77","1,205.19","1,184.00","1,195.20"
12/28/2022,"1,210.29","1,213.92","1,184.36","1,186.77"
12/27/2022,"1,216.70","1,232.38","1,201.00","1,210.24"
12/26/2022,"1,218.33","1,223.09","1,212.78","1,216.70"
12/25/2022,"1,218.83","1,222.84","1,198.79","1,218.33"
12/24/2022,"1,221.85","1,225.79","1,214.41","1,218.69"
12/23/2022,"1,215.00","1,228.61","1,212.65","1,221.85"
12/22/2022,"1,211.11","1,232.01","1,184.71","1,215.00"
12/21/2022,"1,216.14","1,220.82","1,204.15","1,211.12"
12/20/2022,"1,176.05","1,227.48","1,152.91","1,216.55"
12/19/2022,"1,182.88","1,194.39","1,166.92","1,176.05"
12/18/2022,"1,178.99","1,196.19","1,172.90","1,182.99"
12/17/2022,"1,194.61","1,196.77","1,156.61","1,179.27"
12/16/2022,"1,264.60","1,279.11","1,185.74","1,194.61"
12/15/2022,"1,310.85","1,311.07","1,261.23","1,264.65"
12/14/2022,"1,320.16","1,348.31","1,300.24","1,310.85"
12/13/2022,"1,275.08","1,345.16","1,256.69","1,320.19"
12/12/2022,"1,263.88","1,278.80","1,241.44","1,275.15"
12/11/2022,"1,268.94","1,282.99","1,262.37","1,264.92"
12/10/2022,"1,259.85","1,282.95","1,259.85","1,268.94"
12/9/2022,"1,278.32","1,291.07","1,257.12","1,259.91"
12/8/2022,"1,231.63","1,290.41","1,222.37","1,278.18"
12/7/2022,"1,256.20","1,275.65","1,220.78","1,231.63"
12/6/2022,"1,259.49","1,269.92","1,242.87","1,256.66"
12/5/2022,"1,277.23","1,304.49","1,248.00","1,259.46"
12/4/2022,"1,260.89","1,282.29","1,238.00","1,277.23"
12/3/2022,"1,291.21","1,303.19","1,255.81","1,260.76"
12/2/2022,"1,276.85","1,296.25","1,266.38","1,290.99"
12/1/2022,"1,296.99","1,305.67","1,263.68","1,276.85"
11/30/2022,"1,219.38","1,299.77","1,212.15","1,296.99"
11/29/2022,"1,172.32","1,225.15","1,158.48","1,219.38"
11/28/2022,"1,215.05","1,216.62","1,150.38","1,172.11"
11/27/2022,"1,209.93","1,222.21","1,197.00","1,216.21"
11/26/2022,"1,199.07","1,229.93","1,195.54","1,209.93"
11/25/2022,"1,195.20","1,204.96","1,171.43","1,199.67"
11/24/2022,"1,168.79","1,215.22","1,167.83","1,195.20"
11/23/2022,"1,129.80","1,187.60","1,125.54","1,168.79"
11/22/2022,"1,093.18","1,139.85","1,076.05","1,130.19"
11/21/2022,"1,140.83","1,152.39","1,080.00","1,092.64"
11/20/2022,"1,210.00","1,230.91","1,136.94","1,139.38"
11/19/2022,"1,208.74","1,212.50","1,197.11","1,210.00"
11/18/2022,"1,205.70","1,228.45","1,196.13","1,208.80"
11/17/2022,"1,206.04","1,226.63","1,183.07","1,205.70"
11/16/2022,"1,244.55","1,266.38","1,186.25","1,206.04"
11/15/2022,"1,226.14","1,290.49","1,212.90","1,244.39"
11/14/2022,"1,215.00","1,287.46","1,173.80","1,226.43"
11/13/2022,"1,255.80","1,271.34","1,202.53","1,216.60"
11/12/2022,"1,265.94","1,291.02","1,237.34","1,255.72"
11/11/2022,"1,320.71","1,325.99","1,203.14","1,265.94"
11/10/2022,"1,105.06","1,346.59","1,074.18","1,320.71"
11/9/2022,"1,331.12","1,343.65","1,102.21","1,105.81"
11/8/2022,"1,575.00","1,577.13","1,230.93","1,335.07"
11/7/2022,"1,604.05","1,608.20","1,547.00","1,575.70"
11/6/2022,"1,631.71","1,639.09","1,603.30","1,604.04"
11/5/2022,"1,646.01","1,663.76","1,624.04","1,631.71"
11/4/2022,"1,541.15","1,674.39","1,525.40","1,647.04"
11/3/2022,"1,511.44","1,559.00","1,502.38","1,541.15"
11/2/2022,"1,575.51","1,619.41","1,503.47","1,513.45"
11/1/2022,"1,566.34","1,609.22","1,552.03","1,575.52"
10/31/2022,"1,595.49","1,634.39","1,551.93","1,566.34"
10/30/2022,"1,627.40","1,639.04","1,577.78","1,595.49"
10/29/2022,"1,560.09","1,661.78","1,548.80","1,627.40"
10/28/2022,"1,527.86","1,571.86","1,486.05","1,561.00"
10/27/2022,"1,554.21","1,583.60","1,510.00","1,527.81"
10/26/2022,"1,473.77","1,591.78","1,451.58","1,554.46"
10/25/2022,"1,351.90","1,523.50","1,335.38","1,473.00"
10/24/2022,"1,330.22","1,369.79","1,324.75","1,351.91"
10/23/2022,"1,316.05","1,335.98","1,301.38","1,330.22"
10/22/2022,"1,302.46","1,319.02","1,295.00","1,316.05"
10/21/2022,"1,281.77","1,306.55","1,255.00","1,302.46"
10/20/2022,"1,293.98","1,310.00","1,271.74","1,281.77"
10/19/2022,"1,314.53","1,314.79","1,288.81","1,293.99"
10/18/2022,"1,330.45","1,340.54","1,287.75","1,314.44"
10/17/2022,"1,311.01","1,337.00","1,292.07","1,330.45"
10/16/2022,"1,280.75","1,314.50","1,263.48","1,311.01"
10/15/2022,"1,302.20","1,302.27","1,278.00","1,280.85"
10/14/2022,"1,293.78","1,342.09","1,282.72","1,302.20"
10/13/2022,"1,298.92","1,302.57","1,194.37","1,294.30"
10/12/2022,"1,282.48","1,305.46","1,274.39","1,298.57"
10/11/2022,"1,307.39","1,309.38","1,268.87","1,282.78"
10/10/2022,"1,320.90","1,337.61","1,296.73","1,307.39"
10/9/2022,"1,325.20","1,328.96","1,305.00","1,320.90"
10/8/2022,"1,332.01","1,337.30","1,319.67","1,325.20"
10/7/2022,"1,364.00","1,364.00","1,318.02","1,332.01"
10/6/2022,"1,345.16","1,383.43","1,345.16","1,363.88"
10/5/2022,"1,361.75","1,367.10","1,316.26","1,346.06"
10/4/2022,"1,324.07","1,367.96","1,315.54","1,362.09"
10/3/2022,"1,303.74","1,329.64","1,264.34","1,323.92"
10/2/2022,"1,309.66","1,317.39","1,287.43","1,303.74"
10/1/2022,"1,331.24","1,333.78","1,303.59","1,309.66"
9/30/2022,"1,338.25","1,372.24","1,315.66","1,331.30"
9/29/2022,"1,351.19","1,354.71","1,289.61","1,338.25"
9/28/2022,"1,324.73","1,353.85","1,259.34","1,351.26"
9/27/2022,"1,325.06","1,399.29","1,305.12","1,324.42"
9/26/2022,"1,292.44","1,340.08","1,269.77","1,325.05"
9/25/2022,"1,342.22","1,342.25","1,283.90","1,293.03"
9/24/2022,"1,301.51","1,348.00","1,299.47","1,342.22"
9/23/2022,"1,324.00","1,356.71","1,263.26","1,301.98"
9/22/2022,"1,313.67","1,335.46","1,222.52","1,324.18"
9/21/2022,"1,343.06","1,410.00","1,307.81","1,313.67"
9/20/2022,"1,357.73","1,391.00","1,330.60","1,342.61"
9/19/2022,"1,370.86","1,371.92","1,282.05","1,357.73"
9/18/2022,"1,462.59","1,473.43","1,367.80","1,370.86"
9/17/2022,"1,436.00","1,474.87","1,409.84","1,462.59"
9/16/2022,"1,504.53","1,504.53","1,409.79","1,436.00"
9/15/2022,"1,603.38","1,653.00","1,461.45","1,504.22"
9/14/2022,"1,607.87","1,622.82","1,554.90","1,603.66"
9/13/2022,"1,724.26","1,757.20","1,573.33","1,607.50"
9/12/2022,"1,759.33","1,780.59","1,695.38","1,724.26"
9/11/2022,"1,734.29","1,788.48","1,734.29","1,759.33"
9/10/2022,"1,721.01","1,744.62","1,706.35","1,734.07"
9/9/2022,"1,644.80","1,742.92","1,627.55","1,720.62"
9/8/2022,"1,638.79","1,661.33","1,597.55","1,644.75"
9/7/2022,"1,580.57","1,653.00","1,492.32","1,641.59"
9/6/2022,"1,598.42","1,685.58","1,558.02","1,579.95"
9/5/2022,"1,571.36","1,609.82","1,558.28","1,598.42"
9/4/2022,"1,552.16","1,582.87","1,540.85","1,571.36"
9/3/2022,"1,571.78","1,585.37","1,536.11","1,552.16"
9/2/2022,"1,581.12","1,648.92","1,547.46","1,568.51"
9/1/2022,"1,572.96","1,584.20","1,515.40","1,580.77"
8/31/2022,"1,558.90","1,619.37","1,517.63","1,572.96"
8/30/2022,"1,546.21","1,604.65","1,477.08","1,557.62"
8/29/2022,"1,483.47","1,551.02","1,423.86","1,546.83"
8/28/2022,"1,481.81","1,510.27","1,459.04","1,483.47"
8/27/2022,"1,557.41","1,561.03","1,448.76","1,480.58"
8/26/2022,"1,708.31","1,710.95","1,541.98","1,557.41"
8/25/2022,"1,683.27","1,721.65","1,654.18","1,707.80"
8/24/2022,"1,649.28","1,692.79","1,605.84","1,683.37"
8/23/2022,"1,578.05","1,667.49","1,564.39","1,649.28"
8/22/2022,"1,618.50","1,644.69","1,531.51","1,578.05"
8/21/2022,"1,531.51","1,640.00","1,529.08","1,618.24"
8/20/2022,"1,686.65","1,690.54","1,531.04","1,531.94"
8/19/2022,"1,876.87","1,878.04","1,680.18","1,687.80"
8/18/2022,"1,851.26","1,881.60","1,821.99","1,876.87"
8/17/2022,"1,885.13","1,956.71","1,820.24","1,850.20"
8/16/2022,"1,903.09","1,917.11","1,855.49","1,885.13"
8/15/2022,"1,942.56","2,011.65","1,874.96","1,904.74"
8/14/2022,"1,991.91","2,029.90","1,909.24","1,942.57"
8/13/2022,"1,933.24","2,020.00","1,920.00","1,991.91"
8/12/2022,"1,902.81","1,936.55","1,857.83","1,933.74"
8/11/2022,"1,842.85","1,934.57","1,830.18","1,902.53"
8/10/2022,"1,698.00","1,852.99","1,659.46","1,842.60"
8/9/2022,"1,797.69","1,797.98","1,669.26","1,698.01"
8/8/2022,"1,722.52","1,816.46","1,690.01","1,799.85"
8/7/2022,"1,714.99","1,723.34","1,670.91","1,722.52"
8/6/2022,"1,679.93","1,748.59","1,679.93","1,715.00"
8/5/2022,"1,590.28","1,724.72","1,582.09","1,679.93"
8/4/2022,"1,641.89","1,663.64","1,580.56","1,590.67"
8/3/2022,"1,651.18","1,683.00","1,591.74","1,641.88"
8/2/2022,"1,626.25","1,676.46","1,564.39","1,650.30"
8/1/2022,"1,721.28","1,725.00","1,612.00","1,622.95"
7/31/2022,"1,702.82","1,751.82","1,674.66","1,721.29"
7/30/2022,"1,733.17","1,765.97","1,680.01","1,702.82"
7/29/2022,"1,755.98","1,771.39","1,659.25","1,733.17"
7/28/2022,"1,601.32","1,782.16","1,595.76","1,756.28"
7/27/2022,"1,380.98","1,613.09","1,370.79","1,601.64"
7/26/2022,"1,521.69","1,524.76","1,357.66","1,379.02"
7/25/2022,"1,609.32","1,661.25","1,455.90","1,520.86"
7/24/2022,"1,525.37","1,628.27","1,515.22","1,611.43"
7/23/2022,"1,526.69","1,596.06","1,489.94","1,523.82"
7/22/2022,"1,588.60","1,645.89","1,520.10","1,525.01"
7/21/2022,"1,522.88","1,603.92","1,465.32","1,586.73"
7/20/2022,"1,559.32","1,618.97","1,488.80","1,524.00"
7/19/2022,"1,472.23","1,625.09","1,469.25","1,559.60"
7/18/2022,"1,343.04","1,530.64","1,335.55","1,473.04"
7/17/2022,"1,345.60","1,383.18","1,320.03","1,343.41"
7/16/2022,"1,258.05","1,417.25","1,192.67","1,345.60"
7/15/2022,"1,193.09","1,285.97","1,179.10","1,256.28"
7/14/2022,"1,075.93","1,208.94","1,071.38","1,191.48"
7/13/2022,"1,046.00","1,100.42","1,007.31","1,075.93"
7/12/2022,"1,136.77","1,137.19","1,035.17","1,046.00"
7/11/2022,"1,176.87","1,184.30","1,129.95","1,136.62"
7/10/2022,"1,218.90","1,225.21","1,153.24","1,177.50"
7/9/2022,"1,242.36","1,250.20","1,205.01","1,219.84"
7/8/2022,"1,237.74","1,270.20","1,192.92","1,242.36"
7/7/2022,"1,160.63","1,252.47","1,154.43","1,237.75"
7/6/2022,"1,153.78","1,167.08","1,110.95","1,160.63"
7/5/2022,"1,120.44","1,168.99","1,078.00","1,154.34"
7/4/2022,"1,083.85","1,133.20","1,044.48","1,120.44"
7/3/2022,"1,063.12","1,085.65","1,040.77","1,083.27"
7/2/2022,"1,068.13","1,076.85","1,025.86","1,062.79"
7/1/2022,"1,011.07","1,111.00","1,010.37","1,067.88"
6/30/2022,"1,107.93","1,117.58","1,000.52","1,011.67"
6/29/2022,"1,160.48","1,166.70","1,086.14","1,107.93"
6/28/2022,"1,202.24","1,231.85","1,151.88","1,160.55"
6/27/2022,"1,246.59","1,248.11","1,174.72","1,202.24"
6/26/2022,"1,207.84","1,276.04","1,206.92","1,247.70"
6/25/2022,"1,219.39","1,243.88","1,179.97","1,207.44"
6/24/2022,"1,134.46","1,242.74","1,121.23","1,215.09"
6/23/2022,"1,048.35","1,141.25","1,044.74","1,134.20"
6/22/2022,"1,121.28","1,139.00","1,044.26","1,051.16"
6/21/2022,"1,119.75","1,189.96","1,090.02","1,121.57"
6/20/2022,"1,138.83","1,167.60","1,052.71","1,119.96"
6/19/2022,900.5,"1,150.59",900.5,"1,138.58"
6/18/2022,"1,094.18","1,097.73",884.57,902.25
6/17/2022,"1,099.35","1,116.29","1,050.00","1,095.00"
6/16/2022,"1,179.82","1,253.83","1,081.72","1,096.86"
6/15/2022,"1,187.00","1,225.08","1,015.20","1,177.44"
6/14/2022,"1,239.69","1,256.60","1,077.23","1,187.30"
6/13/2022,"1,473.58","1,484.24","1,167.52","1,243.08"
6/12/2022,"1,521.77","1,550.29","1,428.30","1,477.97"
6/11/2022,"1,677.73","1,684.17","1,498.96","1,521.84"
6/10/2022,"1,792.44","1,800.67","1,660.02","1,677.39"
6/9/2022,"1,796.12","1,830.46","1,777.26","1,792.44"
6/8/2022,"1,844.73","1,845.35","1,765.00","1,796.12"
6/7/2022,"1,860.86","1,873.67","1,726.04","1,844.73"
6/6/2022,"1,809.65","1,917.16","1,802.90","1,860.47"
6/5/2022,"1,775.05","1,827.58","1,773.53","1,809.74"
6/4/2022,"1,759.00","1,792.92","1,748.00","1,774.69"
6/3/2022,"1,822.45","1,852.00","1,737.36","1,758.06"
6/2/2022,"1,791.36","1,842.28","1,783.44","1,824.05"
6/1/2022,"1,948.13","1,970.05","1,770.94","1,794.22"
5/31/2022,"1,958.35","2,009.89","1,926.88","1,948.13"
5/30/2022,"1,793.68","1,954.77","1,792.88","1,952.14"
5/29/2022,"1,790.25","1,823.22","1,763.50","1,793.03"
5/28/2022,"1,744.18","1,809.00","1,709.19","1,790.25"
5/27/2022,"1,825.85","1,844.43","1,715.00","1,744.16"
5/26/2022,"1,959.19","1,968.28","1,742.89","1,826.05"
5/25/2022,"1,970.19","2,020.00","1,935.89","1,959.09"
5/24/2022,"1,997.28","2,002.54","1,911.38","1,967.21"
5/23/2022,"2,005.97","2,085.71","1,977.60","1,996.35"
5/22/2022,"1,972.42","2,033.91","1,963.81","2,004.77"
5/21/2022,"1,958.20","1,987.89","1,938.78","1,972.76"
5/20/2022,"2,012.95","2,060.94","1,921.75","1,957.64"
5/19/2022,"1,963.40","2,036.37","1,901.40","2,011.38"
5/18/2022,"2,051.83","2,106.01","1,935.00","1,962.74"
5/17/2022,"2,031.06","2,119.99","2,006.29","2,051.90"
5/16/2022,"2,130.42","2,155.00","1,978.55","2,030.99"
5/15/2022,"1,995.60","2,128.88","1,991.19","2,128.88"
5/14/2022,"2,042.76","2,079.00","1,948.93","1,997.47"
5/13/2022,"1,925.00","2,141.84","1,865.47","2,043.75"
5/12/2022,"2,032.68","2,181.20","1,707.51","1,925.01"
5/11/2022,"2,324.89","2,450.24","2,028.05","2,031.16"
5/10/2022,"2,290.90","2,455.64","2,200.75","2,321.92"
5/9/2022,"2,539.54","2,555.34","2,226.67","2,286.10"
5/8/2022,"2,673.55","2,675.47","2,487.11","2,539.33"
5/7/2022,"2,704.55","2,705.82","2,655.14","2,673.55"
5/6/2022,"2,754.92","2,757.25","2,631.83","2,704.81"
5/5/2022,"2,943.42","2,952.96","2,687.49","2,754.37"
5/4/2022,"2,784.72","2,967.03","2,771.68","2,943.42"
5/3/2022,"2,826.56","2,880.56","2,756.61","2,774.37"
5/2/2022,"2,816.67","2,872.27","2,781.13","2,827.69"
5/1/2022,"2,788.47","2,825.69","2,719.07","2,812.70"
4/30/2022,"2,806.12","2,840.85","2,773.73","2,788.47"
4/29/2022,"2,949.01","2,953.97","2,776.14","2,806.13"
4/28/2022,"2,865.24","2,979.97","2,855.90","2,948.97"
4/27/2022,"2,830.01","2,919.45","2,769.05","2,864.84"
4/26/2022,"2,997.37","3,033.32","2,799.98","2,828.63"
4/25/2022,"2,941.56","3,024.00","2,800.00","2,996.74"
4/24/2022,"2,963.57","2,969.55","2,912.05","2,941.25"
4/23/2022,"2,971.28","2,977.64","2,918.78","2,961.98"
4/22/2022,"3,001.41","3,030.71","2,935.60","2,971.28"
4/21/2022,"3,085.00","3,178.24","2,995.21","3,001.41"
4/20/2022,"3,094.73","3,165.50","3,040.00","3,085.00"
4/19/2022,"3,005.41","3,129.91","3,005.41","3,094.31"
4/18/2022,"3,045.85","3,075.32","2,886.94","3,005.18"
4/17/2022,"3,034.06","3,084.98","3,025.00","3,045.70"
4/16/2022,"3,030.16","3,057.36","3,012.67","3,034.06"
4/15/2022,"3,012.27","3,057.44","2,995.79","3,030.16"
4/14/2022,"3,105.73","3,143.96","2,977.69","3,011.47"
4/13/2022,"2,987.61","3,114.94","2,986.80","3,105.73"
4/12/2022,"2,991.72","3,083.37","2,952.45","2,987.70"
4/11/2022,"3,290.20","3,292.80","2,978.31","2,992.28"
4/10/2022,"3,226.05","3,307.43","3,226.05","3,290.16"
4/9/2022,"3,248.99","3,256.43","3,176.29","3,226.04"
4/8/2022,"3,239.72","3,313.02","3,200.01","3,247.98"
4/7/2022,"3,234.92","3,269.49","3,143.01","3,238.51"
4/6/2022,"3,437.98","3,460.86","3,176.45","3,235.47"
4/5/2022,"3,510.17","3,550.00","3,418.64","3,436.17"
4/4/2022,"3,495.01","3,580.00","3,414.22","3,510.17"
4/3/2022,"3,471.20","3,523.00","3,413.52","3,495.00"
4/2/2022,"3,441.70","3,529.39","3,429.12","3,471.20"
4/1/2022,"3,300.05","3,480.00","3,215.01","3,443.19"
3/31/2022,"3,414.52","3,444.44","3,263.97","3,299.98"
3/30/2022,"3,397.58","3,445.00","3,339.00","3,413.71"
3/29/2022,"3,417.28","3,482.78","3,321.58","3,395.20"
3/28/2022,"3,238.39","3,430.72","3,225.00","3,417.28"
3/27/2022,"3,144.00","3,247.64","3,128.19","3,238.88"
3/26/2022,"3,128.32","3,152.36","3,087.58","3,144.00"
3/25/2022,"3,104.86","3,193.50","3,078.18","3,128.32"
3/24/2022,"2,982.22","3,129.41","2,974.21","3,104.85"
3/23/2022,"3,001.61","3,047.04","2,922.16","2,981.96"
3/22/2022,"2,910.70","3,052.57","2,885.59","3,001.61"
3/21/2022,"2,874.36","2,961.30","2,835.00","2,911.51"
3/20/2022,"2,952.38","2,964.01","2,820.00","2,877.47"
3/19/2022,"2,950.96","2,985.99","2,923.74","2,956.80"
3/18/2022,"2,808.00","2,985.26","2,770.40","2,952.01"
3/17/2022,"2,772.09","2,835.95","2,744.40","2,807.99"
3/16/2022,"2,617.14","2,789.16","2,606.74","2,774.50"
3/15/2022,"2,526.77","2,667.60","2,511.48","2,625.59"
3/14/2022,"2,547.00","2,608.52","2,494.42","2,524.55"
3/13/2022,"2,586.98","2,600.68","2,536.31","2,547.01"
3/12/2022,"2,573.60","2,614.26","2,554.59","2,586.98"
3/11/2022,"2,604.78","2,672.09","2,525.19","2,573.60"
3/10/2022,"2,708.44","2,735.08","2,557.37","2,604.00"
3/9/2022,"2,559.18","2,773.08","2,559.18","2,708.44"
3/8/2022,"2,484.17","2,624.88","2,481.21","2,560.80"
3/7/2022,"2,630.59","2,646.86","2,447.99","2,484.17"
3/6/2022,"2,655.00","2,674.99","2,592.80","2,627.79"
3/5/2022,"2,608.32","2,683.89","2,576.94","2,655.49"
3/4/2022,"2,804.66","2,848.52","2,600.50","2,608.32"
3/3/2022,"2,976.36","2,982.82","2,790.02","2,804.50"
3/2/2022,"2,954.09","3,036.89","2,917.49","2,963.89"
3/1/2022,"2,822.90","3,038.49","2,822.90","2,954.79"
2/28/2022,"2,600.92","2,836.94","2,575.73","2,821.51"
2/27/2022,"2,827.62","2,827.62","2,562.25","2,606.65"
2/26/2022,"2,709.11","2,854.23","2,694.63","2,827.20"
2/25/2022,"2,635.94","2,744.00","2,544.16","2,709.14"
2/24/2022,"2,618.26","2,705.18","2,302.00","2,633.01"
2/23/2022,"2,606.86","2,750.65","2,593.35","2,620.70"
2/22/2022,"2,571.99","2,661.85","2,503.08","2,604.01"
2/21/2022,"2,599.12","2,757.59","2,578.92","2,583.87"
2/20/2022,"2,742.00","2,767.84","2,576.48","2,599.40"
2/19/2022,"2,780.88","2,830.42","2,698.45","2,742.00"
2/18/2022,"2,895.51","2,944.00","2,754.90","2,783.64"
2/17/2022,"3,140.82","3,160.79","2,855.13","2,896.67"
2/16/2022,"3,098.89","3,195.98","3,047.60","3,136.48"
2/15/2022,"2,915.93","3,150.00","2,913.40","3,099.47"
2/14/2022,"2,875.44","2,964.44","2,832.98","2,915.92"
2/13/2022,"2,878.63","2,952.33","2,838.89","2,875.03"
2/12/2022,"2,928.12","2,984.99","2,861.00","2,880.00"
2/11/2022,"3,115.80","3,137.37","2,909.02","2,927.28"
2/10/2022,"3,238.98","3,281.60","3,089.00","3,114.29"
2/9/2022,"3,117.55","3,271.99","3,057.01","3,240.00"
2/8/2022,"3,153.50","3,232.52","3,028.84","3,118.37"
2/7/2022,"2,996.00","3,188.93","2,987.36","3,151.38"
2/6/2022,"3,024.20","3,042.96","2,957.98","2,996.00"
2/5/2022,"2,957.11","3,062.20","2,932.57","3,027.15"
2/4/2022,"2,658.66","2,977.85","2,646.62","2,957.62"
2/3/2022,"2,655.81","2,723.92","2,577.02","2,657.49"
2/2/2022,"2,799.30","2,815.66","2,615.15","2,647.75"
2/1/2022,"2,680.80","2,810.89","2,679.02","2,790.00"
1/31/2022,"2,560.21","2,706.82","2,480.28","2,680.71"
1/30/2022,"2,619.44","2,638.30","2,545.44","2,558.81"
1/29/2022,"2,535.71","2,637.58","2,516.50","2,620.00"
1/28/2022,"2,359.04","2,549.82","2,331.00","2,537.68"
1/27/2022,"2,419.35","2,519.82","2,317.60","2,359.79"
1/26/2022,"2,413.65","2,724.47","2,406.94","2,419.99"
1/25/2022,"2,444.04","2,507.80","2,351.21","2,414.06"
1/24/2022,"2,422.90","2,545.96","2,160.93","2,442.65"
1/23/2022,"2,446.46","2,548.60","2,367.97","2,422.90"
1/22/2022,"2,620.00","2,640.28","2,310.52","2,448.91"
1/21/2022,"3,075.71","3,089.45","2,563.97","2,614.44"
1/20/2022,"3,114.85","3,272.22","3,083.99","3,083.99"
1/19/2022,"3,164.35","3,192.24","3,049.30","3,114.58"
1/18/2022,"3,165.42","3,242.59","3,086.00","3,164.35"
1/17/2022,"3,331.00","3,362.66","3,154.08","3,168.54"
1/16/2022,"3,335.61","3,391.51","3,277.50","3,331.00"
1/15/2022,"3,332.64","3,370.60","3,263.93","3,337.18"
1/14/2022,"3,271.94","3,342.00","3,191.17","3,332.60"
1/13/2022,"3,370.80","3,411.26","3,237.68","3,271.94"
1/12/2022,"3,231.84","3,412.64","3,208.15","3,370.80"
1/11/2022,"3,074.72","3,264.19","3,054.64","3,232.52"
1/10/2022,"3,188.77","3,199.13","2,933.19","3,073.50"
1/9/2022,"3,076.44","3,210.00","3,060.38","3,188.77"
1/8/2022,"3,216.12","3,245.65","2,999.08","3,080.64"
1/7/2022,"3,426.37","3,434.00","3,094.50","3,216.50"
1/6/2022,"3,556.59","3,568.65","3,299.55","3,426.38"
1/5/2022,"3,825.68","3,847.93","3,553.80","3,557.41"
1/4/2022,"3,724.25","3,889.10","3,714.95","3,826.65"
1/3/2022,"3,813.67","3,847.00","3,684.34","3,727.99"
1/2/2022,"3,749.74","3,850.02","3,719.12","3,813.67"
1/1/2022,"3,689.38","3,774.98","3,675.00","3,749.75"
12/31/2021,"3,736.59","3,812.67","3,622.51","3,687.67"
12/30/2021,"3,725.60","3,768.63","3,590.00","3,733.98"
12/29/2021,"3,809.14","3,827.01","3,700.00","3,724.98"
12/28/2021,"4,061.29","4,075.97","3,765.23","3,807.82"
12/27/2021,"4,086.36","4,128.28","4,037.00","4,061.30"
12/26/2021,"4,121.49","4,121.93","4,006.78","4,087.98"
12/25/2021,"4,067.00","4,138.22","4,026.90","4,121.52"
12/24/2021,"4,116.99","4,135.98","4,045.72","4,067.43"
12/23/2021,"4,015.50","4,150.48","3,896.00","4,112.67"
12/22/2021,"4,026.35","4,074.63","3,944.39","4,015.75"
12/21/2021,"3,920.00","4,062.60","3,896.18","4,023.92"
12/20/2021,"3,919.70","3,991.66","3,757.60","3,914.36"
12/19/2021,"3,977.24","4,027.91","3,891.99","3,922.25"
12/18/2021,"3,906.61","3,991.34","3,769.79","3,976.42"
12/17/2021,"4,030.84","4,030.84","3,706.36","3,913.17"
12/16/2021,"4,064.76","4,112.32","3,981.25","4,030.84"
12/15/2021,"3,852.13","4,092.42","3,655.42","4,066.00"
12/14/2021,"3,770.65","3,881.71","3,689.01","3,854.24"
12/13/2021,"4,124.25","4,170.30","3,672.83","3,770.01"
12/12/2021,"4,030.71","4,175.30","3,990.01","4,122.34"
12/11/2021,"4,000.37","4,097.91","3,838.01","4,022.39"
12/10/2021,"4,165.55","4,228.97","3,936.02","3,999.61"
12/9/2021,"4,418.54","4,486.63","4,075.96","4,167.70"
12/8/2021,"4,292.42","4,454.40","4,234.92","4,418.54"
12/7/2021,"4,335.07","4,426.89","4,270.01","4,292.32"
12/6/2021,"4,150.43","4,352.68","3,925.69","4,324.65"
12/5/2021,"4,065.98","4,250.76","4,040.11","4,153.22"
12/4/2021,"4,207.42","4,251.10","3,521.01","4,066.10"
12/3/2021,"4,546.81","4,656.95","4,053.03","4,218.61"
12/2/2021,"4,569.99","4,633.66","4,437.10","4,545.44"
12/1/2021,"4,627.41","4,778.67","4,539.47","4,569.99"
11/30/2021,"4,453.01","4,747.85","4,352.23","4,627.16"
11/29/2021,"4,260.40","4,460.40","4,223.17","4,453.80"
11/28/2021,"4,080.89","4,258.78","3,971.17","4,256.95"
11/27/2021,"4,073.90","4,184.99","4,031.71","4,080.89"
11/26/2021,"4,500.31","4,552.35","3,924.30","4,078.31"
11/25/2021,"4,257.58","4,530.85","4,240.63","4,500.00"
11/24/2021,"4,353.67","4,371.83","4,170.08","4,257.24"
11/23/2021,"4,079.99","4,385.99","4,068.57","4,351.45"
11/22/2021,"4,366.00","4,370.41","4,026.22","4,078.51"
11/21/2021,"4,433.53","4,438.13","4,308.10","4,369.45"
11/20/2021,"4,284.06","4,433.39","4,212.18","4,433.39"
11/19/2021,"4,023.62","4,309.90","3,960.01","4,279.00"
11/18/2021,"4,253.17","4,343.00","3,958.99","4,022.41"
11/17/2021,"4,257.54","4,298.99","4,069.91","4,253.17"
11/16/2021,"4,571.80","4,586.86","4,124.77","4,257.79"
11/15/2021,"4,576.79","4,768.63","4,544.62","4,572.81"
11/14/2021,"4,653.33","4,690.73","4,520.00","4,576.79"
11/13/2021,"4,655.93","4,704.80","4,589.10","4,652.40"
11/12/2021,"4,743.69","4,804.99","4,510.00","4,655.12"
11/11/2021,"4,543.57","4,779.81","4,534.19","4,743.20"
11/10/2021,"4,800.00","4,865.81","4,507.16","4,557.49"
11/9/2021,"4,774.43","4,838.98","4,715.51","4,800.00"
11/8/2021,"4,629.00","4,794.99","4,595.00","4,773.85"
11/7/2021,"4,487.09","4,638.08","4,487.09","4,629.00"
11/6/2021,"4,454.25","4,517.77","4,334.00","4,488.09"
11/5/2021,"4,516.57","4,573.66","4,450.01","4,453.68"
11/4/2021,"4,618.01","4,626.85","4,423.32","4,517.22"
11/3/2021,"4,504.17","4,665.02","4,459.90","4,618.00"
11/2/2021,"4,313.35","4,532.40","4,279.91","4,505.48"
11/1/2021,"4,269.51","4,379.69","4,160.00","4,310.99"
10/31/2021,"4,311.40","4,394.00","4,171.60","4,269.50"
10/30/2021,"4,403.43","4,433.17","4,250.11","4,311.57"
10/29/2021,"4,251.75","4,457.01","4,220.00","4,409.10"
10/28/2021,"3,984.15","4,290.10","3,900.46","4,257.60"
10/27/2021,"4,261.77","4,312.84","3,944.54","3,984.14"
10/26/2021,"4,180.80","4,292.51","4,137.46","4,262.82"
10/25/2021,"4,065.99","4,232.98","4,063.13","4,180.80"
10/24/2021,"4,089.47","4,184.40","3,964.49","4,063.12"
10/23/2021,"3,976.87","4,124.33","3,930.11","4,089.33"
10/22/2021,"4,090.18","4,162.58","3,890.00","3,975.35"
10/21/2021,"4,107.96","4,366.50","4,027.00","4,089.19"
10/20/2021,"3,809.01","4,135.43","3,803.80","4,107.96"
10/19/2021,"3,735.25","3,854.96","3,717.18","3,809.34"
10/18/2021,"3,702.37","3,893.93","3,684.74","3,739.16"
10/17/2021,"3,830.10","3,915.31","3,651.54","3,700.98"
10/16/2021,"3,879.98","3,968.86","3,808.50","3,831.77"
10/15/2021,"3,759.36","3,900.00","3,735.99","3,879.87"
10/14/2021,"3,577.86","3,821.09","3,569.86","3,759.36"
10/13/2021,"3,477.47","3,584.99","3,413.34","3,576.00"
10/12/2021,"3,490.01","3,545.00","3,405.83","3,476.80"
10/11/2021,"3,515.01","3,620.00","3,379.63","3,493.73"
10/10/2021,"3,579.31","3,604.01","3,487.73","3,512.75"
10/9/2021,"3,552.80","3,629.63","3,540.37","3,579.31"
10/8/2021,"3,623.95","3,670.70","3,538.26","3,554.29"
10/7/2021,"3,563.33","3,641.24","3,472.02","3,623.58"
10/6/2021,"3,526.66","3,628.01","3,349.96","3,560.16"
10/5/2021,"3,384.30","3,533.79","3,356.61","3,533.79"
10/4/2021,"3,427.46","3,437.50","3,278.34","3,384.30"
10/3/2021,"3,428.74","3,485.29","3,343.31","3,426.97"
10/2/2021,"3,294.08","3,465.26","3,259.29","3,428.74"
10/1/2021,"2,972.80","3,315.80","2,965.69","3,293.01"
9/30/2021,"2,820.19","3,049.00","2,805.81","2,972.80"
9/29/2021,"2,862.64","2,948.52","2,783.03","2,820.49"
9/28/2021,"2,974.94","3,029.77","2,806.54","2,863.28"
9/27/2021,"3,091.84","3,165.76","2,960.88","2,974.94"
9/26/2021,"2,924.68","3,099.21","2,740.67","3,088.41"
9/25/2021,"2,946.69","2,983.00","2,801.01","2,927.45"
9/24/2021,"3,142.70","3,162.69","2,745.22","2,947.01"
9/23/2021,"3,026.74","3,173.94","3,015.70","3,142.44"
9/22/2021,"2,765.16","3,090.00","2,668.00","3,026.36"
9/21/2021,"3,032.76","3,105.01","2,755.01","2,765.16"
9/20/2021,"3,358.98","3,364.47","2,925.03","3,019.11"
9/19/2021,"3,398.69","3,456.00","3,308.56","3,359.13"
9/18/2021,"3,374.78","3,539.62","3,352.30","3,398.69"
9/17/2021,"3,494.84","3,592.39","3,366.69","3,378.01"
9/16/2021,"3,554.51","3,674.37","3,485.01","3,487.77"
9/15/2021,"3,376.41","3,570.83","3,334.99","3,551.43"
9/14/2021,"3,296.03","3,409.20","3,271.86","3,377.76"
9/13/2021,"3,316.54","3,440.80","3,116.00","3,295.57"
9/12/2021,"3,292.45","3,468.57","3,234.98","3,316.89"
9/11/2021,"3,244.49","3,346.56","3,153.38","3,293.97"
9/10/2021,"3,425.57","3,512.95","3,222.89","3,250.96"
9/9/2021,"3,478.99","3,567.72","3,396.27","3,424.95"
9/8/2021,"3,421.60","3,541.54","3,222.79","3,473.72"
9/7/2021,"3,952.00","3,969.33","2,963.48","3,415.04"
9/6/2021,"3,971.68","3,980.59","3,870.00","3,949.99"
9/5/2021,"3,880.48","3,972.39","3,836.70","3,972.05"
9/4/2021,"3,917.25","3,970.01","3,836.16","3,880.55"
9/3/2021,"3,808.77","4,027.56","3,715.41","3,917.19"
9/2/2021,"3,729.99","3,841.52","3,725.09","3,811.26"
9/1/2021,"3,392.41","3,776.01","3,374.38","3,730.00"
8/31/2021,"3,341.22","3,472.31","3,190.97","3,392.83"
8/30/2021,"3,236.00","3,347.51","3,146.06","3,342.39"
8/29/2021,"3,239.16","3,284.56","3,159.20","3,236.00"
8/28/2021,"3,265.28","3,286.25","3,214.42","3,239.14"
8/27/2021,"3,116.84","3,275.51","3,064.00","3,264.37"
8/26/2021,"3,210.00","3,251.71","3,058.83","3,116.84"
8/25/2021,"3,217.06","3,250.00","3,081.18","3,210.00"
8/24/2021,"3,339.92","3,359.59","3,150.01","3,216.70"
8/23/2021,"3,156.12","3,378.21","3,144.85","3,339.98"
8/22/2021,"3,226.38","3,274.71","3,131.00","3,156.96"
8/21/2021,"3,261.40","3,309.99","3,210.21","3,226.38"
8/20/2021,"3,158.58","3,299.64","3,145.37","3,260.97"
8/19/2021,"3,007.05","3,163.23","2,962.08","3,157.16"
8/18/2021,"3,070.53","3,128.29","2,954.23","3,007.34"
8/17/2021,"3,166.44","3,292.10","3,017.51","3,072.00"
8/16/2021,"3,268.23","3,334.17","3,139.85","3,164.98"
8/15/2021,"3,233.51","3,287.85","3,117.76","3,261.22"
8/14/2021,"3,284.08","3,331.00","3,210.37","3,233.92"
8/13/2021,"3,065.68","3,296.78","2,988.54","3,281.00"
8/12/2021,"3,234.77","3,241.96","2,982.53","3,061.61"
8/11/2021,"3,156.56","3,272.74","3,119.74","3,236.20"
8/10/2021,"3,069.20","3,231.74","3,035.51","3,156.55"
8/9/2021,"2,993.95","3,186.63","2,900.42","3,071.56"
8/8/2021,"3,081.48","3,189.00","2,952.24","2,988.72"
8/7/2021,"2,912.64","3,173.53","2,868.06","3,081.75"
8/6/2021,"2,809.35","2,948.78","2,722.05","2,911.70"
8/5/2021,"2,708.59","2,825.89","2,533.45","2,803.67"
8/4/2021,"2,486.08","2,723.17","2,460.32","2,708.97"
8/3/2021,"2,599.19","2,636.00","2,447.65","2,487.41"
8/2/2021,"2,671.00","2,677.26","2,512.19","2,597.51"
8/1/2021,"2,491.40","2,698.14","2,491.40","2,670.00"
7/31/2021,"2,420.10","2,498.41","2,417.69","2,490.81"
7/30/2021,"2,314.16","2,449.06","2,306.86","2,419.57"
7/29/2021,"2,298.19","2,337.00","2,266.50","2,314.17"
7/28/2021,"2,243.00","2,343.29","2,241.77","2,301.10"
7/27/2021,"2,257.95","2,318.42","2,153.94","2,242.77"
7/26/2021,"2,157.37","2,429.17","2,155.65","2,260.97"
7/25/2021,"2,152.47","2,194.22","2,109.25","2,157.66"
7/24/2021,"2,039.99","2,199.00","2,038.32","2,151.04"
7/23/2021,"2,016.37","2,092.00","1,997.67","2,039.45"
7/22/2021,"1,948.07","2,044.00","1,941.99","2,016.29"
7/21/2021,"1,794.03","2,026.18","1,755.03","1,947.62"
7/20/2021,"1,819.30","1,838.65","1,718.25","1,794.03"
7/19/2021,"1,892.97","1,926.76","1,806.92","1,819.30"
7/18/2021,"1,899.02","1,990.00","1,879.81","1,895.28"
7/17/2021,"1,897.88","1,917.96","1,852.15","1,899.02"
7/16/2021,"1,925.22","1,961.49","1,859.16","1,902.35"
7/15/2021,"1,988.93","2,038.32","1,881.02","1,925.09"
7/14/2021,"1,948.01","2,017.49","1,867.17","1,989.35"
7/13/2021,"2,026.57","2,043.12","1,917.89","1,949.46"
7/12/2021,"2,130.55","2,171.69","2,007.07","2,026.57"
7/11/2021,"2,113.51","2,153.12","2,081.90","2,130.87"
7/10/2021,"2,134.85","2,190.85","2,075.04","2,095.08"
7/9/2021,"2,137.80","2,185.59","2,049.52","2,134.85"
7/8/2021,"2,362.37","2,362.37","2,128.42","2,137.80"
7/7/2021,"2,307.34","2,407.35","2,272.51","2,362.01"
7/6/2021,"2,217.61","2,347.96","2,195.01","2,310.85"
7/5/2021,"2,350.42","2,386.14","2,159.84","2,217.31"
7/4/2021,"2,219.55","2,371.52","2,187.53","2,350.42"
7/3/2021,"2,089.00","2,238.38","2,088.37","2,219.55"
7/2/2021,"2,124.00","2,138.73","2,018.95","2,089.00"
7/1/2021,"2,237.34","2,282.98","2,076.48","2,117.60"
6/30/2021,"2,191.61","2,282.02","2,089.16","2,239.11"
6/29/2021,"2,135.53","2,242.02","2,063.38","2,191.26"
6/28/2021,"1,816.49","2,142.69","1,814.74","2,135.01"
6/27/2021,"1,788.18","1,892.12","1,786.22","1,816.34"
6/26/2021,"1,863.45","1,865.83","1,717.33","1,767.57"
6/25/2021,"2,004.62","2,019.97","1,793.29","1,867.87"
6/24/2021,"1,932.09","2,035.61","1,887.33","2,007.27"
6/23/2021,"1,930.48","2,043.01","1,850.02","1,931.56"
6/22/2021,"1,938.77","1,996.72","1,701.10","1,930.48"
6/21/2021,"2,259.33","2,275.73","1,894.30","1,941.23"
6/20/2021,"2,225.64","2,261.99","2,047.02","2,254.99"
6/19/2021,"2,192.36","2,277.06","2,174.71","2,225.64"
6/18/2021,"2,340.25","2,378.39","2,143.41","2,194.37"
6/17/2021,"2,400.17","2,457.61","2,306.55","2,343.23"
6/16/2021,"2,523.24","2,563.96","2,382.43","2,402.42"
6/15/2021,"2,541.43","2,639.23","2,512.66","2,522.43"
6/14/2021,"2,577.09","2,608.27","2,520.78","2,541.84"
6/13/2021,"2,403.58","2,562.82","2,316.34","2,562.82"
6/12/2021,"2,383.54","2,438.98","2,267.10","2,403.58"
6/11/2021,"2,468.90","2,490.90","2,376.98","2,383.54"
6/10/2021,"2,562.22","2,621.95","2,430.76","2,467.85"
6/9/2021,"2,538.25","2,626.27","2,410.03","2,563.27"
6/8/2021,"2,650.89","2,663.01","2,314.17","2,537.01"
6/7/2021,"2,709.96","2,846.38","2,631.66","2,651.31"
6/6/2021,"2,630.54","2,747.44","2,553.42","2,706.96"
6/5/2021,"2,704.94","2,814.62","2,584.06","2,627.47"
6/4/2021,"2,823.63","2,870.01","2,557.17","2,702.23"
6/3/2021,"2,723.56","2,887.00","2,665.45","2,819.99"
6/2/2021,"2,574.14","2,799.39","2,557.70","2,723.52"
6/1/2021,"2,598.99","2,737.96","2,530.59","2,577.58"
5/31/2021,"2,433.04","2,677.51","2,278.03","2,595.82"
5/30/2021,"2,240.37","2,477.15","2,186.92","2,437.73"
5/29/2021,"2,429.76","2,567.00","2,209.61","2,237.97"
5/28/2021,"2,725.25","2,789.64","2,422.28","2,424.99"
5/27/2021,"2,799.90","2,889.51","2,641.47","2,725.92"
5/26/2021,"2,559.85","2,910.00","2,535.00","2,791.65"
5/25/2021,"2,632.46","2,751.98","2,387.51","2,552.11"
5/24/2021,"2,068.01","2,679.00","2,050.61","2,623.97"
5/23/2021,"2,356.90","2,382.66","1,737.28","2,073.14"
5/22/2021,"2,251.49","2,482.37","2,107.48","2,356.38"
5/21/2021,"2,767.60","2,939.63","2,248.68","2,248.80"
5/20/2021,"2,541.89","2,993.64","2,172.87","2,761.80"
5/19/2021,"3,431.00","3,465.99","1,889.42","2,535.67"
5/18/2021,"3,441.54","3,564.21","3,198.48","3,434.23"
5/17/2021,"3,373.74","3,589.00","3,126.42","3,440.10"
5/16/2021,"3,792.71","3,878.01","3,345.04","3,360.34"
5/15/2021,"3,983.66","4,133.31","3,663.23","3,794.99"
5/14/2021,"3,712.00","4,175.68","3,612.61","3,990.47"
5/13/2021,"4,101.41","4,241.63","3,527.00","3,714.20"
5/12/2021,"4,139.99","4,372.35","3,940.02","4,104.21"
5/11/2021,"3,885.92","4,140.00","3,781.66","4,140.00"
5/10/2021,"3,911.64","4,209.43","3,697.46","3,899.32"
5/9/2021,"3,854.53","3,980.33","3,734.16","3,909.82"
5/8/2021,"3,501.75","3,863.54","3,431.03","3,852.00"
5/7/2021,"3,468.09","3,588.14","3,366.78","3,501.77"
5/6/2021,"3,464.45","3,607.59","3,382.27","3,467.85"
5/5/2021,"3,405.35","3,484.01","3,215.17","3,467.44"
5/4/2021,"3,287.57","3,492.19","3,195.07","3,409.65"
5/3/2021,"2,969.00","3,339.24","2,936.40","3,288.00"
5/2/2021,"2,950.19","2,976.97","2,858.00","2,969.00"
5/1/2021,"2,763.92","2,951.00","2,743.26","2,949.51"
4/30/2021,"2,709.00","2,799.00","2,702.31","2,763.92"
4/29/2021,"2,711.17","2,799.99","2,675.41","2,712.80"
4/28/2021,"2,646.00","2,748.00","2,564.40","2,708.01"
4/27/2021,"2,458.30","2,680.29","2,431.60","2,649.25"
4/26/2021,"2,209.00","2,531.25","2,180.00","2,463.00"
4/25/2021,"2,298.15","2,355.54","2,166.72","2,214.89"
4/24/2021,"2,324.98","2,370.26","2,162.01","2,295.99"
4/23/2021,"2,400.00","2,447.35","2,117.03","2,323.83"
4/22/2021,"2,408.09","2,643.30","2,315.24","2,408.00"
4/21/2021,"2,309.40","2,467.23","2,237.91","2,405.01"
4/20/2021,"2,208.95","2,330.50","2,055.36","2,307.28"
4/19/2021,"2,229.05","2,279.28","2,084.37","2,206.66"
4/18/2021,"2,390.67","2,396.05","1,976.71","2,226.09"
4/17/2021,"2,460.84","2,496.82","2,318.08","2,390.93"
4/16/2021,"2,498.19","2,548.39","2,335.38","2,460.83"
4/15/2021,"2,369.99","2,499.99","2,369.99","2,499.50"
4/14/2021,"2,301.00","2,399.07","2,269.33","2,369.54"
4/13/2021,"2,146.50","2,315.00","2,137.08","2,301.00"
4/12/2021,"2,141.68","2,199.62","2,104.03","2,145.92"
4/11/2021,"2,087.48","2,163.94","2,082.37","2,144.51"
4/10/2021,"2,069.34","2,194.68","2,056.78","2,090.86"
4/9/2021,"2,055.02","2,100.41","2,045.00","2,070.83"
4/8/2021,"1,988.00","2,077.13","1,953.19","2,054.91"
4/7/2021,"2,121.69","2,126.17","1,937.28","1,983.56"
4/6/2021,"2,106.15","2,149.55","2,047.32","2,122.45"
4/5/2021,"2,061.67","2,129.92","2,004.69","2,104.42"
4/4/2021,"2,059.01","2,091.55","1,983.34","2,061.67"
4/3/2021,"2,091.00","2,143.99","2,006.37","2,061.32"
4/2/2021,"1,969.99","2,105.81","1,950.30","2,092.13"
4/1/2021,"1,940.25","1,982.53","1,899.37","1,969.99"
3/31/2021,"1,840.97","1,940.00","1,777.17","1,940.00"
3/30/2021,"1,808.81","1,858.98","1,787.20","1,840.99"
3/29/2021,"1,668.53","1,840.51","1,664.09","1,806.40"
3/28/2021,"1,718.51","1,731.63","1,661.91","1,667.28"
3/27/2021,"1,665.15","1,718.52","1,665.15","1,718.50"
3/26/2021,"1,604.02","1,675.00","1,580.08","1,664.68"
3/25/2021,"1,609.15","1,620.81","1,546.91","1,603.41"
3/24/2021,"1,669.76","1,740.91","1,584.09","1,615.01"
3/23/2021,"1,661.92","1,720.84","1,654.01","1,672.34"
3/22/2021,"1,800.06","1,810.37","1,678.35","1,678.35"
3/21/2021,"1,827.62","1,837.75","1,753.97","1,800.00"
3/20/2021,"1,814.56","1,868.08","1,803.41","1,827.61"
3/19/2021,"1,773.24","1,839.98","1,736.33","1,817.85"
3/18/2021,"1,816.89","1,848.95","1,759.83","1,774.49"
3/17/2021,"1,797.61","1,839.10","1,744.97","1,817.47"
3/16/2021,"1,792.84","1,818.00","1,712.60","1,797.41"
3/15/2021,"1,876.50","1,893.09","1,743.24","1,791.32"
3/14/2021,"1,912.12","1,938.52","1,840.00","1,876.05"
3/13/2021,"1,758.40","1,942.37","1,730.86","1,911.71"
3/12/2021,"1,842.00","1,846.61","1,723.95","1,758.32"
3/11/2021,"1,819.86","1,842.34","1,728.14","1,840.50"
3/10/2021,"1,825.01","1,877.07","1,759.34","1,816.73"
3/9/2021,"1,791.26","1,857.47","1,772.89","1,825.00"
3/8/2021,"1,664.00","1,793.00","1,663.27","1,790.92"
3/7/2021,"1,647.76","1,693.70","1,634.39","1,664.00"
3/6/2021,"1,535.30","1,669.66","1,514.25","1,642.70"
3/5/2021,"1,516.04","1,548.00","1,443.65","1,535.09"
3/4/2021,"1,592.11","1,624.67","1,505.69","1,516.45"
3/3/2021,"1,467.71","1,655.19","1,465.75","1,595.02"
3/2/2021,"1,547.00","1,605.03","1,457.48","1,467.94"
3/1/2021,"1,417.10","1,563.99","1,401.44","1,547.00"
2/28/2021,"1,506.45","1,509.95","1,297.64","1,416.12"
2/27/2021,"1,429.62","1,526.90","1,412.64","1,507.11"
2/26/2021,"1,520.00","1,562.66","1,403.00","1,429.31"
2/25/2021,"1,587.56","1,669.99","1,526.11","1,526.11"
2/24/2021,"1,536.41","1,714.96","1,504.28","1,591.57"
2/23/2021,"1,793.48","1,802.44","1,372.14","1,539.99"
2/22/2021,"1,911.65","1,939.70",870,"1,799.77"
2/21/2021,"1,963.56","1,974.99","1,836.83","1,922.80"
2/20/2021,"1,957.92","2,035.95","1,928.01","1,968.81"
2/19/2021,"1,944.92","1,974.67","1,891.99","1,957.91"
2/18/2021,"1,856.64","1,949.72","1,832.98","1,944.68"
2/17/2021,"1,753.00","1,854.09","1,733.98","1,854.00"
2/16/2021,"1,791.89","1,825.11","1,726.00","1,753.24"
2/15/2021,"1,828.65","1,835.02","1,672.69","1,792.02"
2/14/2021,"1,814.19","1,851.80","1,787.99","1,828.54"
2/13/2021,"1,852.75","1,873.28","1,765.90","1,814.50"
2/12/2021,"1,769.00","1,861.74","1,741.55","1,851.59"
2/11/2021,"1,728.00","1,817.00","1,706.91","1,769.92"
2/10/2021,"1,769.71","1,837.84","1,682.00","1,727.99"
2/9/2021,"1,700.03","1,822.24","1,700.03","1,769.73"
2/8/2021,"1,599.33","1,774.62","1,569.98","1,702.98"
2/7/2021,"1,712.00","1,719.00","1,502.20","1,602.50"
2/6/2021,"1,718.46","1,743.59","1,648.73","1,710.88"
2/5/2021,"1,642.38","1,762.00","1,591.69","1,721.71"
2/4/2021,"1,636.13","1,696.88","1,562.90","1,642.51"
2/3/2021,"1,521.01","1,650.00","1,511.43","1,633.45"
2/2/2021,"1,350.78","1,539.88","1,344.88","1,516.43"
2/1/2021,"1,298.40","1,351.96","1,273.29","1,348.97"
1/31/2021,"1,386.28","1,391.57","1,284.67","1,296.00"
1/30/2021,"1,374.13","1,409.55","1,327.92","1,385.72"
1/29/2021,"1,354.54","1,438.01","1,293.16","1,375.79"
1/28/2021,"1,277.96","1,358.04","1,222.59","1,350.38"
1/27/2021,"1,335.00","1,375.47","1,210.05","1,275.28"
1/26/2021,"1,346.57","1,375.27","1,246.00","1,335.01"
1/25/2021,"1,352.00","1,473.54","1,313.54","1,345.18"
1/24/2021,"1,247.98","1,365.55","1,224.01","1,353.24"
1/23/2021,"1,246.13","1,272.56","1,198.12","1,248.50"
1/22/2021,"1,169.06","1,273.92","1,043.42","1,243.67"
1/21/2021,"1,323.01","1,389.16","1,165.86","1,174.95"
1/20/2021,"1,409.34","1,424.99","1,240.33","1,323.76"
1/19/2021,"1,234.91","1,436.47","1,233.94","1,410.55"
1/18/2021,"1,262.97","1,267.46","1,185.61","1,234.03"
1/17/2021,"1,234.30","1,265.55","1,167.71","1,260.64"
1/16/2021,"1,160.61","1,290.89","1,153.07","1,228.99"
1/15/2021,"1,186.42","1,253.18","1,074.53","1,160.75"
1/14/2021,"1,128.62","1,246.02","1,088.71","1,189.00"
1/13/2021,"1,075.40","1,127.00",986.67,"1,126.30"
1/12/2021,"1,035.76","1,148.97","1,005.99","1,078.26"
1/11/2021,"1,269.58","1,288.44",913.93,"1,035.10"
1/10/2021,"1,293.00","1,349.99","1,160.05","1,269.99"
1/9/2021,"1,188.41","1,296.27","1,167.73","1,292.24"
1/8/2021,"1,254.22","1,273.17","1,072.44","1,190.64"
1/7/2021,"1,180.68","1,288.82","1,162.00","1,251.50"
1/6/2021,"1,089.49","1,210.04","1,061.04","1,183.71"
1/5/2021,"1,007.22","1,134.00",976.68,"1,086.64"
1/4/2021,947.94,"1,165.58",891.24,"1,008.06"
1/3/2021,769,975.89,764.76,950.5
1/2/2021,729.66,787.99,717.51,769
1/1/2021,739.27,749.88,717.01,729.99
12/31/2020,749,755.24,725.29,739.08
12/30/2020,724.42,757.15,719.43,749.13
12/29/2020,727.25,738.97,688.86,723.94
12/28/2020,676.53,746.5,676.53,726.77
12/27/2020,646.98,714.52,625,676.41
12/26/2020,618.87,651.83,616.05,647
12/25/2020,604.61,633.24,604.59,618.92
12/24/2020,597.37,609.95,550,605.1
12/23/2020,622.4,637.95,592.7,597.37
12/22/2020,618.41,634.13,587.85,622.83
12/21/2020,632.71,648,599.11,618.46
12/20/2020,666.53,666.88,631.38,634.8
12/19/2020,651.21,669,646.97,666.95
12/18/2020,641.05,663.74,630.01,651.36
12/17/2020,630,676.29,628.56,641.26
12/16/2020,589.03,632.64,581.5,629.38
12/15/2020,586.2,596.49,579.31,588.63
12/14/2020,591.71,592.78,576.06,586.06
12/13/2020,570.95,595,564.23,591.64
12/12/2020,549.44,571.84,543.5,570.91
12/11/2020,563.72,564.41,536.01,549.44
12/10/2020,575.91,577.51,548.29,563.66
12/9/2020,565.86,577.96,530.45,576.17
12/8/2020,588.47,594.99,560.39,566.01
12/7/2020,599.41,603.77,584.76,588.61
12/6/2020,592.21,607.36,584,599.42
12/5/2020,580.8,597.55,561.52,592.41
12/4/2020,615.43,620,578.74,581.81
12/3/2020,600,624,587.57,615.43
12/1/2020,605.59,636.31,568.32,604.51
11/30/2020,568.4,614.07,563.98,605.2
11/29/2020,544.02,569.83,531.6,566.54
11/28/2020,515.99,548.5,507.1,543.92
11/27/2020,515.1,530.8,494.37,515.87
11/26/2020,577.39,579.7,481.32,512.59
11/25/2020,600.08,606.39,574.77,578.49
11/24/2020,606.14,622.72,593,601.02
11/23/2020,572.66,608.47,551.12,606.93
11/22/2020,544.32,576.15,512.1,573.94
11/21/2020,509.05,545.45,503.66,544.31
11/20/2020,473,514.53,469.62,508.87
11/19/2020,474.59,481.99,465.52,472.98
11/18/2020,480.89,494.99,460.01,474.31
11/17/2020,459.66,484.9,458.46,480.99
11/16/2020,444.01,465.99,440.5,459.25
11/15/2020,460.06,463.95,442.01,444
11/14/2020,472.29,478.38,452.75,460.06
11/13/2020,463.2,474.85,458.39,472.28
11/12/2020,466.51,470,452.96,462.55
11/11/2020,452.69,476.54,450.02,467.16
11/10/2020,447.73,455,439.39,451.73
11/9/2020,450.2,459.49,434.8,447.9
11/8/2020,435.83,460.23,431,450.45
11/7/2020,445.54,468.14,425,435.58
11/6/2020,413.69,449.37,413.29,447.2
11/5/2020,401.79,418,396.95,413.65
11/4/2020,383.39,408.55,377.35,401.11
11/3/2020,385.66,385.89,371.02,383.35
11/2/2020,397.44,404.26,378.16,385.91
11/1/2020,387.94,397.24,385.07,396.63
10/31/2020,384.38,393.14,380.86,387.94
10/30/2020,389.06,392,374.06,384.31
10/29/2020,385.92,394.01,380.95,389.05
10/28/2020,403.41,409.03,381.1,385.94
10/27/2020,393,410.33,390.52,403.95
10/26/2020,407.8,411.28,383.44,392.9
10/25/2020,412,417.67,404.4,408.1
10/24/2020,409,416.49,407.55,412.01
10/23/2020,417.85,421.08,402.22,409.4
10/22/2020,395.17,419.57,390.9,417.8
10/21/2020,368.4,398.45,367.86,395.25
10/20/2020,379.65,380.72,367.06,368.66
10/19/2020,375.92,384.07,373.14,379.65
10/18/2020,367.12,377.18,367.12,375.92
10/17/2020,366.74,370.37,363.5,367.12
10/16/2020,380.56,380.56,362.72,366.6
10/15/2020,376.75,381.43,370.47,380.56
10/14/2020,380.24,387.34,373.5,376.73
10/13/2020,387.6,395.27,374.7,380.19
10/12/2020,373.27,389.42,365.75,387.64
10/11/2020,374.42,377.4,369.3,373.72
10/10/2020,364.05,378.24,363.28,374.58
10/9/2020,351.65,366,347.9,364.05
10/8/2020,340.51,353.06,334.81,351.65
10/7/2020,337.28,342.69,333.02,340.51
10/6/2020,351.99,355,337,337.25
10/5/2020,351.55,355.46,349.18,351.99
10/4/2020,349.07,354.45,344,351.55
10/3/2020,346.54,351.09,341.9,349.07
10/2/2020,351.61,354.1,335.4,346.32
10/1/2020,356.9,369.18,345.85,351.61
9/30/2020,357.66,360.32,351.5,356.64
9/29/2020,362.73,363.77,350.4,357.72
9/28/2020,353.21,367.9,352.36,362.73
9/27/2020,353.68,362.2,347.51,353.33
9/26/2020,354.93,357.55,346.8,353.68
9/25/2020,345.67,358,337.84,354.9
9/24/2020,321.9,348.83,317.1,345.66
9/23/2020,344.72,346.9,314.76,321.9
9/22/2020,346.7,349.5,335.6,344.85
9/21/2020,369.55,376.31,332.46,346.59
9/20/2020,386.03,386.03,365.22,369.6
9/19/2020,380.21,387.84,377.31,386.03
9/18/2020,393.06,393.99,375.89,380.61
9/17/2020,365.72,394.2,363.49,392.15
9/16/2020,365.6,373.43,355.21,365.71
9/15/2020,376.32,382,362.57,365.56
9/14/2020,363,384.15,356.43,376.32
9/13/2020,383.63,389.77,354,363
9/12/2020,368.79,386.66,365.75,383.27
9/11/2020,365.72,372.57,356,368.43
9/10/2020,353.23,377.69,350.81,365.39
9/9/2020,335.63,358.97,325.93,353.69
9/8/2020,345.37,356.36,331.1,335.66
9/7/2020,351.73,359.9,323.62,344.7
9/6/2020,331.14,357.38,316.83,351.89
9/5/2020,391.78,394.5,311.04,333.29
9/4/2020,406.2,407.66,360.9,391.78
9/3/2020,436.39,450,391,405.9
9/2/2020,482,488.26,422.23,436.64
9/1/2020,432.27,486,430.04,482.44
8/31/2020,422.97,438.99,418.23,432.33
8/30/2020,405.29,427.92,398.4,423
8/29/2020,394.2,405.67,391.05,405.21
8/28/2020,379.43,397.87,379,394.21
8/27/2020,389.6,396.85,372.01,379.69
8/26/2020,377.59,393.5,377.59,389.32
8/25/2020,401.06,410.39,370.26,377.4
8/24/2020,392.67,408.64,387.82,401.41
8/23/2020,388.65,396.9,384.01,392.69
8/22/2020,395.04,397,379.28,388.71
8/21/2020,416.37,419.39,395.01,395.03
8/20/2020,404.75,418.51,402.92,416.3
8/19/2020,427.15,429.09,394.25,404.4
8/18/2020,437.86,440.11,415.52,427.07
8/17/2020,430.1,447.03,420.71,437.85
8/16/2020,432.28,437.08,412.9,430.72
8/15/2020,439,443.11,430.25,432.5
8/14/2020,415.96,444.35,413.88,438.99
8/13/2020,386.46,411.28,377.85,409.8
8/12/2020,373,389.44,367.17,386.61
8/11/2020,395.41,398.37,367.04,373.99
8/10/2020,393.24,400,387.34,395.53
8/9/2020,388.43,400.35,384.37,393.23
8/8/2020,377.54,393.51,376.62,388.49
8/7/2020,396.87,399,365.43,378.01
8/6/2020,400.56,407.81,392.79,396.81
8/5/2020,388.46,402,384.87,400.58
8/4/2020,391,402.85,381.51,388.46
8/3/2020,373.32,398.28,368.01,390.64
8/2/2020,386.97,415.05,338.72,374.39
8/1/2020,345.63,388.59,343.5,386.82
7/31/2020,338.67,348.01,329.01,345.73
7/30/2020,322.41,341.91,314.9,339.11
7/29/2020,320.01,325.27,313.31,322.64
7/28/2020,324.43,333.46,306.74,319.74
7/27/2020,310.35,329.5,309.67,324.25
7/26/2020,306.03,319.82,300.51,310.92
7/25/2020,286.58,308.01,278.39,305.82
7/24/2020,273.34,286.94,268.85,286.37
7/23/2020,245.9,279.81,245.56,273.34
7/22/2020,245.08,246.19,242.18,245.92
7/21/2020,236.4,246.9,235.48,245.08
7/20/2020,235.71,240,234.48,236.4
7/19/2020,236.35,236.35,233.41,235.71
7/18/2020,232.35,236.96,232.29,236.35
7/17/2020,232.63,234.38,231.54,232.53
7/16/2020,238.17,239.11,230.06,232.61
7/15/2020,241.39,241.42,236.64,238.17
7/14/2020,238.92,241.9,236.93,241.35
7/13/2020,238.75,245.26,237.46,238.87
7/12/2020,238.87,243.79,236.79,238.76
7/11/2020,239.29,241.69,237.74,238.71
7/10/2020,241.24,242.08,235.8,239.29
7/9/2020,246.56,248.32,238.04,241.31
7/8/2020,238.57,248.9,237.41,246.24
7/7/2020,238.25,243.69,234.61,238.57
7/6/2020,224.95,240.58,223.59,238.25
7/5/2020,229.21,229.95,223.88,225.09
7/4/2020,226.87,230.62,224.5,229.21
7/3/2020,226.29,228.18,225.48,226.88
7/2/2020,231.51,232.06,223.04,226.29
7/1/2020,225.47,232.76,224.16,231.51
6/30/2020,227.73,229.82,222.87,225.47
6/29/2020,224.81,227.95,221.23,227.3
6/28/2020,218.34,227.57,217.8,224.85
6/27/2020,230.26,231.33,215.9,218.6
6/26/2020,233.61,234.78,227.5,230.27
6/25/2020,234.7,235.42,227.6,233.61
6/24/2020,243.52,249.23,231.03,234.6
6/23/2020,245.11,246.4,240.85,243.52
6/22/2020,228.99,245.43,227.18,244.65
6/21/2020,227.58,231,227.57,228.99
6/20/2020,229.22,230.66,225.99,227.58
6/19/2020,228.52,232.05,226.61,229.2
6/18/2020,231.1,234.45,228.28,229.06
6/17/2020,233.73,237.01,228.29,231.1
6/16/2020,233.4,236.01,228.8,233.73
6/15/2020,234.12,234.22,218.21,232.68
6/14/2020,236.94,238.37,233.09,234.12
6/13/2020,237.66,238.62,234.65,236.94
6/12/2020,232.37,239.19,228.04,237.67
6/11/2020,247.88,250.04,227.21,232.37
6/10/2020,243.52,250.12,185.52,247.75
6/9/2020,242.21,249.8,240.79,243.52
